"id","supplier_id","name","is_manufacturer","year_established","number_of_employees","description","phone","business_email","address","logo_url","business_sector","photo_url"
1,1,Mathis and Sons Ltd,true,2009,28,To step Republican half soldier general treat fine. Clear per such peace. Admit economy beat fill citizen food paper side. Station east play watch else history total. Great provide member future more remember. Base son write now work single.,"8622394276",ginasmith@example.net,"58991 Pearson Mountain Apt. 731
Smithhaven, VT 20103",https://rb.gy/6zvp2r,Clothes,
2,2,Costa-Blevins LLC,true,2013,15,Follow money successful line improve. Anyone government wish. Not sound guy focus idea safe. Without beyond before tonight suggest church. At want arm between structure teach never. Dog majority agree treat. Pass budget carry strategy surface. Artist town foreign else hotel south painting.,"9867127985",schmidtsabrina@example.com,"582 Michelle Village
Lake Gloria, PW 55348",https://rb.gy/6zvp2r,Clothes,
3,1,Nelson-Taylor Ltd,false,1959,25,Kind main site commercial. Toward today begin free southern teacher relate. Drop open yard society image loss work others.,"2398031471",desireepham@example.net,"547 Dale Ville
Carrollburgh, WI 58479",https://rb.gy/6zvp2r,Clothes,
4,2,Smith-Perez and Sons,false,1994,23,There mention well activity voice act bag card. Back federal effect general rise. Street free doctor action kind perhaps test. Young partner ever note minute difficult environment toward. Policy outside service magazine. Weight opportunity deal professional. Close usually return take indeed truth. Movement theory open per various town.,"6879724729",jgordon@example.net,"39385 Kelley Route Suite 434
West Brian, CA 09840",https://rb.gy/6zvp2r,Clothes,
5,3,Obrien Ltd LLC,false,1964,26,Condition hotel particular although class present direction. Space challenge election. Management modern outside receive back already. Onto participant computer green page animal. Political Mr ago small themselves school.,"1926964556",danielwheeler@example.com,"84547 Johnson Lane Suite 838
Jamesburgh, MS 72099",https://rb.gy/6zvp2r,Clothes,
6,4,Morris-Palmer PLC,true,2009,25,Manager professor first adult education. Will a seem subject surface. Budget with federal entire state. Assume size can difficult table sense. Development remember impact.,"2438729427",jreyes@example.org,"PSC 9639, Box 1903
APO AA 57302",https://rb.gy/6zvp2r,Clothes,
7,5,Santos Group Inc,true,1962,29,Blood order cut share stock marriage. Left power fight guess church. Operation various get than cold movement. Change trial cut country economic tax. Less know form food office very pick.,"6741420745",michaelrodriguez@example.net,"86949 Anderson Shoal Apt. 126
North Timothy, ID 64617",https://rb.gy/6zvp2r,Clothes,
8,6,Love-Martinez PLC,false,1992,15,Analysis authority skill interest say. Natural again able within each. Result people system member center. Image sound heavy professor. Challenge practice today decade relate friend. Section image record company everyone authority idea beat. Floor place view visit forget. Happen message live other spring position road. Part thought prove.,"3262885818",francodennis@example.net,"272 Garcia Harbors Suite 060
Port Michaelmouth, FM 07281",https://rb.gy/6zvp2r,Clothes,
9,7,Miller Inc PLC,false,2020,15,Not anything family son. Information take identify help how. Skill white image without series politics. These bring serve fire. Would move collection leader experience space. Official form away effect position religious religious.,"4763253769",amanda13@example.com,"7440 Elizabeth Stream Suite 090
Port Maria, TN 14077",https://rb.gy/6zvp2r,Clothes,
10,8,Branch-Pugh Inc,false,2006,13,Too who catch nothing culture. Group another rather green reach power see. Possible course just she camera notice customer. Local argue support cause Democrat discuss. True prevent go couple where realize difficult. Fill alone read hard describe. Everyone mean poor difficult occur record someone. Bar not student. Cup mention suffer street expert perhaps last. Notice ahead believe. Region movie science night her customer. Property manage this vote beautiful threat. Degree address television suddenly way forget.,"1412642784",angela55@example.com,"0686 Joshua Squares Suite 060
Antonioville, NE 81178",https://rb.gy/6zvp2r,Clothes,
11,9,Miller-Harper Inc,true,2002,10,Somebody course so. Air baby hundred. Mind learn important benefit clearly not me. Various street ready plan north. Prevent gun order few begin child. Myself bring provide ready material. Poor high mention western yes provide very. Section member doctor open president.,"9083873681",zmartinez@example.net,"84636 Travis Common
South Heatherfort, ID 05062",https://rb.gy/6zvp2r,Clothes,
12,10,Wyatt-Ortiz Inc,true,1995,21,Society sea sell section. Cover more national contain argue everyone treatment. Region his involve down control particular need. Why Mrs grow reach blue raise. Cost spring smile realize us design. Again local happy matter past field. Black interest country hold than here. Along finish choice tell call leader.,"6892457040",shannonwatson@example.net,"22793 Tamara Stream Suite 360
Bassfurt, WY 43626",https://rb.gy/6zvp2r,Clothes,
13,11,Johnson Ltd Inc,true,2002,18,Me others respond agency seat. Industry kid cultural sort watch soldier wrong. Performance security page memory. Pattern peace bed tax big laugh itself. Look possible item son sit artist bank. Idea head heavy consider west mind.,"9731796139",kennethwilkins@example.com,"26546 Cook Route Suite 479
North Amber, CA 46485",https://rb.gy/6zvp2r,Clothes,
14,12,Hart Ltd Group,false,1967,30,Really apply present here. Former wait despite close personal. Nearly modern like drop risk side always issue. Red old few magazine radio hear guess easy. Room couple garden tax international clear.,"3455716903",mallory48@example.org,"1695 Jackson Drive Suite 582
Rhodeston, DC 09220",https://rb.gy/6zvp2r,Clothes,
15,13,"Evans, Nixon and Park PLC",false,1965,30,Public I cultural material cost behind tax tell. Science together fish similar official certainly. Accept partner film process eye me. Letter interesting summer kid director authority cell. Happen leader guy couple company get model.,"2731656597",thomaseaton@example.org,"458 Nicholas Oval
North Mike, IA 49526",https://rb.gy/6zvp2r,Clothes,
16,14,"Perez, Soto and Johnson PLC",true,2010,22,Significant election thing suddenly break different wait. Left two bag we effort human of. Everything pick back possible seem little church. Four religious actually space recently though ready. Reason season civil article common well. Western teacher interview somebody case some life. Appear score power health. Star cell single deal level. Defense successful with budget man address. Paper personal share usually work in. Tax heart race close fund thousand moment party.,"4663539055",myersbill@example.net,"3966 Taylor Corner Apt. 784
Zamorafort, MH 99831",https://rb.gy/6zvp2r,Clothes,
17,15,Stein-Garcia LLC,false,2018,29,Address find throughout parent investment reflect. Help his west human edge role. Nothing environmental else defense. Ready rather education American example step. Make adult dark five reflect.,"3222301209",jjohnson@example.org,"991 Gallagher Valley
Lake Katietown, CA 19081",https://rb.gy/6zvp2r,Clothes,
18,16,Clark Group Ltd,false,1992,21,Process high born not character artist music. White unit either begin form. Walk almost performance light prepare participant. Scene pattern simple economic. Choice edge herself.,"6539061703",hoffmanchad@example.org,"76510 Haley Course Apt. 312
North Joshua, AL 14359",https://rb.gy/6zvp2r,Clothes,
19,17,Fox-Taylor Group,true,2011,28,Yes they listen finally none soon later. Say laugh network threat century fire. Face window myself black past protect rich. Key involve again nearly. Paper product majority.,"4710354282",baguilar@example.com,"8040 Kristina Street Apt. 067
Christinetown, CO 82146",https://rb.gy/6zvp2r,Clothes,
20,18,Morris Ltd LLC,true,1986,18,Republican maybe charge. Goal these determine need other. Follow American visit face. Reveal else billion white. Mother impact involve among. Where increase wide across than end truth. Draw country old rate. Term doctor view water. Staff help local bring majority identify why. Decision wonder available develop. Order across before accept dinner far. Conference perform movie serve family music.,"5888736395",kwilkins@example.net,"0143 Laura Keys Apt. 262
West Randy, AS 74186",https://rb.gy/6zvp2r,Clothes,
21,19,"Bush, Joyce and Lee LLC",false,2004,27,Garden give shake along key agent kitchen. Next source smile production how trouble. Prepare window mind. Color may brother must. Central town vote many indeed.,"8673568336",inguyen@example.com,"5326 Greene Isle Suite 317
New Kimberlybury, KY 74694",https://rb.gy/6zvp2r,Clothes,
22,20,"Acevedo, Martin and Craig Inc",true,1964,15,Condition night customer range will just. Line style would great. Picture medical back right stay culture. Development nature central now leg form. Memory public different physical perform. Fine page movement piece.,"4057303592",johnjames@example.com,"066 Mariah Ferry
North Megan, CA 83866",https://rb.gy/6zvp2r,Clothes,
23,21,Harris Inc LLC,true,1976,13,Notice material push free magazine defense. Response recognize truth we during name. Cold kid general mention research tree at tell. Training total choice see prove. Ask deal newspaper so line response red. Trade where identify fine address must.,"9188460329",melissa64@example.com,"67169 Rogers Mill Apt. 006
Calvintown, MO 42805",https://rb.gy/6zvp2r,Clothes,
24,22,Steele-Jones and Sons,true,1971,14,Let because in student. Five find man increase. Carry player magazine list. By pretty spend away break. Change woman enough start miss everything. Between true list total. Send down feeling whatever.,"8054520986",anne18@example.net,"603 Simmons Forks
South Michaelview, AZ 33756",https://rb.gy/6zvp2r,Clothes,
25,23,"Nelson, Bryant and Harris LLC",false,1956,29,Room commercial generation. Travel wide trade charge his different within tree. Base mouth message. Region stay under leg night rate feeling. Over exist law goal probably. Hair participant power. Life now shoulder.,"4651134852",johnsonheather@example.org,"2200 Patty Brooks Suite 226
Anthonyview, WA 77293",https://rb.gy/6zvp2r,Clothes,
26,24,Maddox-Jones Ltd,false,1962,27,Us bit few. Direction stuff common deep. Hand technology director loss. Age executive difference science north everything. Defense treatment seven source population manage common. Create look room right. Bank nation evidence hospital crime tough. Rate society sister fight magazine.,"5221685188",kmurphy@example.net,"38571 Velazquez Row
New Matthew, WY 06176",https://rb.gy/6zvp2r,Clothes,
27,25,Sanchez PLC LLC,false,1982,17,Prove one work democratic total tough. Maybe today small property not finish. Test Republican find tonight such worker his plant. Book parent imagine region accept off change.,"6622378840",nicholasestrada@example.net,"22456 Teresa Points
Christopherport, VA 10680",https://rb.gy/6zvp2r,Clothes,
28,26,Craig-Tanner and Sons,true,1982,13,Late military attention voice. Speech book amount member accept school start data. Body who example feeling tree question. Ok article man all. Close situation within table for later. Important rich including indicate. Bed participant movie stuff save affect one. Role early check per want about moment later. Politics soldier enjoy as region make. Congress woman those kitchen.,"6721069843",tony73@example.org,"539 Randy Roads
Lake Tiffanyborough, KS 72257",https://rb.gy/6zvp2r,Clothes,
29,27,"Reed, Hutchinson and Patterson LLC",true,1989,15,Ask miss for oil away gun apply. Experience during church size scientist exist. Also both very crime down tax occur. Describe serious western ten may increase carry.,"5548579028",zwilson@example.org,"0255 Patterson Crescent Apt. 546
Lake Leslie, ME 53676",https://rb.gy/6zvp2r,Clothes,
30,28,Scott Group PLC,true,1983,24,Process easy play letter chance doctor. House trade position argue black. Central campaign one skin. Song become single television method very expert. Recently forget son cut protect thousand media finish. New respond occur represent player wear police phone. Church your about two. Personal your arm rule organization.,"7180194693",mshaw@example.com,"45051 Baker Fort Suite 649
Wrighthaven, SD 91324",https://rb.gy/6zvp2r,Clothes,
31,29,Smith Inc Inc,true,2019,29,Final apply look still will student. Risk account local within eye other sense. Field set wish walk young southern number. Lawyer card say somebody film education. Mind Mrs practice. Nice company especially little middle piece chair. Your ability reduce thing plan big sort. Office they very beautiful. General realize subject agency.,"3769467214",raymond54@example.com,"057 Billy Pine Apt. 927
Port Mary, IA 21868",https://rb.gy/6zvp2r,Clothes,
32,30,Lowe and Sons PLC,false,2005,19,Occur attorney heart song rise individual. By protect cold. Organization sure my what pick. Drop management six smile plant. Seat ten accept hair news fear study available.,"5674649151",iburke@example.org,"6755 April Islands Suite 575
Port Paul, MT 36931",https://rb.gy/6zvp2r,Clothes,
33,31,Carroll LLC and Sons,true,1999,29,Theory degree Mr produce ten. Tonight cultural successful you about. Throughout church east space low high. Claim walk game beyond should move. Of happen also short. Against people late threat mouth story. Site result long. Pm shoulder quite computer account value. Worry blue player miss raise west floor big.,"3236634094",cwarren@example.org,"735 Lisa Spring Suite 156
Ramirezview, NY 47188",https://rb.gy/6zvp2r,Clothes,
34,32,Mitchell-Smith Ltd,true,1977,21,Democratic spring eat as reality try central. Professional beat company not scene save strategy. Task concern big picture throughout just. Teach dark cover. Work population floor fall. Maybe nation bed apply. Quickly woman major.,"3664358743",lopeznicole@example.com,"USCGC Gonzalez
FPO AE 27195",https://rb.gy/6zvp2r,Clothes,
35,33,Ruiz Ltd Group,false,2002,24,Spring next model. Might just full end year every herself. Source speak want. Suggest nice whole see into identify happen. Leave book explain soldier just American institution school. First safe fill such who response.,"6564811440",nherman@example.net,"9087 Wright Haven
Daviesfurt, KS 37176",https://rb.gy/6zvp2r,Clothes,
36,34,Dillon Group Inc,false,1994,28,East every Republican. Box yeah white onto help help challenge. Teach public discover particular. Writer future debate police. Current night example page. Happen fire everybody put later onto. Situation individual manage worker something physical. Soldier fire left foot ago rock church let. Specific decision front hit add media. Land change hand analysis future heart.,"0470006803",garciaandrew@example.org,"PSC 1988, Box 9282
APO AP 21075",https://rb.gy/6zvp2r,Clothes,
37,35,Powers PLC PLC,false,2007,15,Son color government force remember force. Fact health guy hour. Despite process avoid list way list when. Commercial look case. Keep single billion color ask. Material recently my like police term. Reveal method southern agent. Plant audience follow none ever eye front. Measure whole I size. Establish will condition test campaign most story physical. List cell wife ready hospital school new.,"9853368438",mthompson@example.org,"PSC 4676, Box 7669
APO AA 64383",https://rb.gy/6zvp2r,Clothes,
38,36,"Barnett, Williams and Snow Group",false,2015,13,Child raise center miss field discuss. Marriage majority few full something section. Message statement candidate factor win certain hit adult. Can student against. Project character mean grow them. Hear house change computer. Might that keep manager wrong try itself. Open training walk approach reality structure.,"9576844844",ubrown@example.org,"193 Jessica Spurs
Harringtonborough, NJ 23024",https://rb.gy/6zvp2r,Clothes,
39,37,Mata-Pace Ltd,true,2008,26,Compare hot mouth Congress politics. Apply anything foot. Course yet alone entire tax skill indicate business. This natural baby amount into hot couple. Not rule statement rest this financial certainly child. Recent series wide job choice follow red. Among anyone too clearly table generation.,"1715652449",jason38@example.net,"501 Joyce Ranch
Sellersberg, WA 83777",https://rb.gy/6zvp2r,Clothes,
40,38,"Nash, Nguyen and Griffin and Sons",false,1969,29,Sound wait conference now. Federal serve myself think. Good color life tell national ever. Admit brother can religious. Step end turn section.,"0555247420",brownrobert@example.org,"94754 Kathy Ranch
East Tylerstad, IN 62701",https://rb.gy/6zvp2r,Clothes,
