id,supplier_id,category_id,name,description,datetime,grade_average,total_orders,uuid,is_active
1,1,95,manage surface know window onto happen deep,Beautiful line day allow. Collection guess hotel activity try. Help represent pretty weight. Pattern campaign over marriage effect the. Buy popular coach little begin. Traditional understand own seem each. Show yet hold anyone. Account form suffer turn cost save. Clearly but group modern theory answer whole. Music as summer during common church.,2021-06-15 13:45:10.876314,0.0,350,cd9eaaf6-ce52-11ed-8916-0242ac150003,true
2,1,27,ability sometimes guess,Could many though technology. Head cultural late rate wait foot. Politics report step. Million boy she let business. Eat exist his.,2020-11-17 13:45:10.876362,0.0,926,cd9ebadc-ce52-11ed-8916-0242ac150003,true
3,1,143,write stay drug official employee financial,Store share group family. Talk rest avoid this investment town. East paper compare floor cold pull. School product window common might feel. Case true hundred affect main suddenly art. Voice information present fast should next.,2022-04-06 13:45:10.876378,0.0,266,cd9ecb1c-ce52-11ed-8916-0242ac150003,true
4,1,123,alone girl charge later property approach morning capital hand,Democrat Mrs order money attack choose finish management. Operation wall degree according. Usually just scientist final knowledge star energy read. Country do anyone while night wait land. Focus whatever strong eight gas series. Will view water admit impact gas case. Career away move professor huge. Allow company lose why modern get. Notice notice spend affect. Painting line gas field everything. Nation couple once heart tough group language. Value television tell media.,2021-05-09 13:45:10.876395,0.0,875,cd9eda80-ce52-11ed-8916-0242ac150003,true
5,1,89,too maybe human position too support road level,Minute long middle thing. Simple history event attention machine wonder experience. Second offer entire professional door land from memory. Study easy former eight threat. Discover Republican item threat bad organization.,2023-03-19 13:45:10.876407,0.0,28,cd9ee548-ce52-11ed-8916-0242ac150003,true
6,1,110,partner coach make same message interest,Base shake stock good speech indeed leader. Staff shake table sister very. Free woman who language often attack. Hope deal training order yes possible trial consider. Economic life possible scene drug. Activity born meeting outside. Behavior economy likely skin ready century month understand. Society food claim some week writer fear. Writer open forget ball suggest rate vote. Grow administration same blue.,2022-06-08 13:45:10.876420,0.0,841,cd9ef59c-ce52-11ed-8916-0242ac150003,true
7,1,39,eye student director cultural,Certainly couple memory nature war child traditional to. Maintain laugh town product. Partner focus arrive indeed effort possible sister. Never yourself hundred then key executive suffer. Choice forget from use accept radio. Agent majority will. Court stand what give economic see senior phone. Notice tonight meet process own. Vote very Democrat guy class country. Central week know break. Player them mission so. Decision hold third build reach growth.,2021-04-18 13:45:10.876431,0.0,201,cd9f0488-ce52-11ed-8916-0242ac150003,true
8,1,41,yourself street product focus especially yes,Protect summer section its lose. Add system event ground officer career however. Nation nature grow laugh thank still by. Exist weight pattern ground economy pressure professor officer. Listen cost eye write thousand my few. Else away every expect score final eat.,2020-10-22 13:45:10.876446,0.0,497,cd9f11e4-ce52-11ed-8916-0242ac150003,true
9,1,122,behind low strategy,Wife candidate nation other system these list attack. Civil success friend more. Hear step girl person camera practice run.,2020-07-19 13:45:10.876462,0.0,286,cd9f1b9e-ce52-11ed-8916-0242ac150003,true
10,1,56,form attention key ago assume,Someone rock build ahead partner design way since. Technology eight on move stand happen common. White particularly simple summer major. Development human street sign. Charge sing because morning so just. Four strategy expert term model range song son. However dream dark.,2022-01-06 13:45:10.876472,0.0,870,cd9f2b52-ce52-11ed-8916-0242ac150003,true
11,1,109,join drug goal single size their heart,Hear sometimes six example. Still and father. Many culture structure out letter claim. Leave pretty loss television vote. Human usually book individual hair note. So attorney current success sell. Former actually last again may cultural. Size beat daughter if read before world. Talk for join. Instead billion other hour first think natural edge. Eye us attorney operation nearly. Another recently education nor change.,2020-08-15 13:45:10.876482,0.0,126,cd9f3cb4-ce52-11ed-8916-0242ac150003,true
12,1,58,there arm son opportunity,Responsibility gas weight. Deal contain amount prepare may financial thing road. Husband measure financial bill ask space. Treatment source thing wait single hundred animal.,2021-10-25 13:45:10.876491,0.0,257,cd9f46aa-ce52-11ed-8916-0242ac150003,true
13,1,27,play piece account,Hit would from successful. Option describe write nearly improve adult indeed. Power dinner but sure space because boy. Word board none those.,2023-01-17 13:45:10.876499,0.0,62,cd9f5046-ce52-11ed-8916-0242ac150003,true
14,1,25,southern development world order sister once pass fight,Book size military until. Tend stay occur physical company. Price around memory certainly. Apply pass analysis treatment issue father. Upon again perform send control those across.,2020-12-31 13:45:10.876507,0.0,611,cd9f5a96-ce52-11ed-8916-0242ac150003,true
15,1,120,marriage election Democrat,Capital purpose enough any. Activity build may firm whose pressure. Message management ten clearly. Force myself approach morning cup. Music could voice seek reason left high. Main something similar lose check heart.,2022-10-10 13:45:10.876515,0.0,856,cd9f67e8-ce52-11ed-8916-0242ac150003,true
16,1,89,summer stuff allow national,Science morning different tell item case thought. Public fact director. Under including gun hope likely grow outside. Available building wall admit. Threat will attack quickly might rise. Weight leave article Congress yard clear. Real policy paper ready local. Travel western door phone common training. Though at soon eye agreement college bring. Big remember recently Mrs detail.,2022-05-10 13:45:10.876524,0.0,926,cd9f758a-ce52-11ed-8916-0242ac150003,true
17,1,74,she strong race good present discussion boy,Performance describe heart method. Poor know rather once south senior along else. Hand student claim total. Success into fight half. As new into little present still. Fall themselves reality. Town already risk loss example leader.,2022-12-28 13:45:10.876532,0.0,587,cd9f8138-ce52-11ed-8916-0242ac150003,true
18,1,123,from cultural image painting instead do memory page hand,Everyone may under specific participant expect later. Team remain mission school take. Painting science foreign include drop subject agreement view. Television fire spend rise without. At voice especially tend. However exist senior sport manage according peace billion.,2023-03-29 13:45:10.876541,0.0,543,cd9f8f20-ce52-11ed-8916-0242ac150003,true
19,1,49,well my laugh guess stop per,Eye other window memory history public. Open coach leave themselves sound same three. Face budget life add authority. Spend vote condition person risk grow it. Scientist also southern wait I. Production cell police.,2022-02-25 13:45:10.876549,0.0,272,cd9f9a88-ce52-11ed-8916-0242ac150003,true
20,1,129,huge suddenly sign stand possible,His two ago answer ask back crime station. Guy center mind. Picture then science understand operation. Wrong science toward not feeling allow indeed. Example whatever according.,2022-12-28 13:45:10.876557,0.0,309,cd9fa4e2-ce52-11ed-8916-0242ac150003,true
21,1,88,institution perform hold training him where turn own,Scientist lose medical mind hot subject wonder security. Ahead middle ten federal task quickly price. Animal change soon sit. Film ask down market.,2020-10-11 13:45:10.877171,0.0,206,cd9fae88-ce52-11ed-8916-0242ac150003,true
22,1,129,hope good measure mother,Perhaps another allow state write analysis nearly left. Everyone agent take save believe. Pattern however possible left.,2020-11-20 13:45:10.877198,0.0,278,cd9fba0e-ce52-11ed-8916-0242ac150003,true
23,1,60,wait kind half,Bit increase room and. Pretty decade evidence physical sit million physical. Voice her certain here. Ability could season account where maybe expert occur. Although message space small look. National research support. Item learn positive kind media change together. Chair though management or reduce whatever happen.,2022-06-06 13:45:10.877208,0.0,357,cd9fc63e-ce52-11ed-8916-0242ac150003,true
24,1,94,outside bank information suffer tough development about window,Current culture guy newspaper sound sing government first. Religious off pay one political real seat grow. Evening daughter court trial nature. Article behind animal lead ahead. Every sea myself big send upon. Never cold quickly current be sure growth. Specific sort a husband goal. Provide consumer painting create machine join follow. Seat together city card throw. Artist group article site early.,2022-01-16 13:45:10.877219,0.0,160,cd9fd61a-ce52-11ed-8916-0242ac150003,true
25,1,111,their magazine whether focus she seat mouth,Player physical line industry pick. Night his message feel deal democratic close. Ability off notice accept. Young fact entire and south old. Challenge will gun agreement customer lay. Above example wish event movement bring. Never different best. True authority amount worker operation sometimes staff. Probably toward very conference kind authority.,2021-11-16 13:45:10.877229,0.0,960,cd9fe330-ce52-11ed-8916-0242ac150003,true
26,1,100,candidate discuss three memory relate opportunity save,List especially out Mrs. Great rest kind. Important writer full. Fact success practice seat. Him magazine change well mission change. Technology bag hold clearly sort. Operation floor later.,2020-12-09 13:45:10.877238,0.0,442,cd9feea2-ce52-11ed-8916-0242ac150003,true
27,1,65,ask line feeling inside off,Yourself she professional produce game address event whom. Half line study. Represent guy share. Industry few seat work relate institution.,2020-11-04 13:45:10.877245,0.0,360,cd9ff83e-ce52-11ed-8916-0242ac150003,true
28,1,39,suddenly example out news,Drug view today most still exist leave. Spend write three he. May maybe high sit senior ten. Lose serve himself same power happen. Beat receive very note lay kitchen consumer its. Me subject practice collection fine up remember. The join free great start hair. Cultural peace here car year position question. Drive up large easy according.,2023-03-06 13:45:10.877253,0.0,911,cda0078e-ce52-11ed-8916-0242ac150003,true
29,1,69,whatever carry him film possible lose toward poor,Significant Congress poor laugh. Daughter police activity risk but education discussion use. North society idea lay the commercial none. Light between people concern identify.,2021-09-14 13:45:10.877271,0.0,400,cda0126a-ce52-11ed-8916-0242ac150003,true
30,1,37,whose woman field,Social move think stand through movement point. Reach another behind word mouth job bed. Right summer his sing TV. Beautiful take reality so she deep board.,2022-09-30 13:45:10.877279,0.0,818,cda01c4c-ce52-11ed-8916-0242ac150003,true
31,1,27,candidate study expert yard without court minute,Thank ask thus high director. Walk fire soldier research score recently action whom. Stop chair environmental reveal. Better bad summer quickly responsibility. Picture candidate without song. Increase PM soldier southern road whether.,2021-04-06 13:45:10.877288,0.0,174,cda02a98-ce52-11ed-8916-0242ac150003,true
32,1,26,letter population fine,Grow today religious better according particularly never deep. Race doctor far pick find participant cell we. After find board drop. Mother lose base paper. We how control whatever seat. Again even thus. Nation agent door contain write.,2023-01-03 13:45:10.877295,0.0,315,cda0365a-ce52-11ed-8916-0242ac150003,true
33,1,51,even person figure skin nearly table really still face,Blood moment into chance. Then hard this ground woman professional perform attention. Role business performance event. Yourself blood beat ten suffer suggest.,2022-06-06 13:45:10.877303,0.0,258,cda04000-ce52-11ed-8916-0242ac150003,true
34,1,27,himself cause detail six floor production relationship stuff,Sing on bag whose seat fall it. World culture head usually key leg. Hundred heart many for anyone strong represent. Management fine final. Know popular get watch purpose art. Read officer international success include thank case identify. Article news only ago.,2022-01-25 13:45:10.877312,0.0,454,cda05374-ce52-11ed-8916-0242ac150003,true
35,1,104,attack thus subject choose discuss rich cut,Many office kitchen. Child wrong recently hope despite scene together. With story body example. Together represent we news accept this might institution.,2020-10-06 13:45:10.877319,0.0,175,cda05edc-ce52-11ed-8916-0242ac150003,true
36,1,26,because million right,Bag east rest approach defense arm. Door huge account painting. Indeed yourself couple important describe.,2022-02-22 13:45:10.877330,0.0,18,cda06850-ce52-11ed-8916-0242ac150003,true
37,1,25,off almost he possible most sell serve,Choice relate fast low support. Organization same budget step place down data. Million through player tonight because talk. Present product cell down. Board bit like standard. Through laugh consider look see particular actually. Administration yet also feeling save fight build.,2021-03-06 13:45:10.877338,0.0,180,cda07692-ce52-11ed-8916-0242ac150003,true
38,1,60,practice again lead such view speech important both,Change draw despite central. Arrive indicate community give. Become speak save fine eight peace. Seek that level onto. Guess series simply live theory change.,2020-08-23 13:45:10.877346,0.0,593,cda08416-ce52-11ed-8916-0242ac150003,true
39,1,90,decide likely both off,Why gun stop. Country response indeed country. Eight clearly section people worry trade. Than involve how direction. Doctor since several enjoy drug despite. Dog do act compare treat local natural. Leader maintain foot everybody music share north. Myself recently both present drop.,2022-08-17 13:45:10.877356,0.0,789,cda09082-ce52-11ed-8916-0242ac150003,true
40,1,130,three west quality clear start treat our very single,Must exactly possible. Save mouth hour score point recently who. Mr vote example father. Reality daughter model. Per better occur should charge easy food. Fish teach wish people lay data. Turn source human available executive. Today relationship dark goal seat represent something. Tree surface compare win data ground.,2021-05-23 13:45:10.877365,0.0,624,cda0a00e-ce52-11ed-8916-0242ac150003,true
41,1,138,gas modern worker window crime though,Her send pass case million good. Month artist usually school answer modern. Yes country time turn. Occur none ten street.,2021-11-06 13:45:10.877373,0.0,749,cda0aa2c-ce52-11ed-8916-0242ac150003,true
42,1,34,time answer relationship billion throughout,Dog career shoulder never. Suffer beautiful range. Number plan myself view. Another stop author listen later outside.,2021-08-03 13:45:10.877380,0.0,969,cda0b3e6-ce52-11ed-8916-0242ac150003,true
43,1,133,reach identify push sell,Popular technology month different. Spring board civil really often. Cost capital peace. Gas college space grow mouth set along require. All fund hundred international time last. Everything effort both care itself.,2021-01-04 13:45:10.877388,0.0,291,cda0c142-ce52-11ed-8916-0242ac150003,true
44,1,125,east policy ground Congress,However special after week respond nice ground. Upon firm dog wonder worry. Close manager oil citizen. Official professional five nice. Often difficult world environmental draw resource film. Figure politics begin environmental protect majority.,2020-09-10 13:45:10.877396,0.0,356,cda0ccb4-ce52-11ed-8916-0242ac150003,true
45,1,78,analysis fly make cell,Already later fast even. Write strategy force black. Garden enter rather oil low forward. Eight two hundred way shoulder arm. Article us authority road business morning set. Attack yourself individual prove forward.,2021-07-02 13:45:10.877463,0.0,427,cda0d790-ce52-11ed-8916-0242ac150003,true
46,1,62,might seat raise camera,Note similar foot room get word husband. Woman read section security half. Image realize check not election in test. Computer teach others six minute. Huge building money his send to. High carry indeed out different. Four federal operation assume national money charge. Never partner yes bank shake each hand nature.,2020-08-19 13:45:10.877475,0.0,960,cda0e3b6-ce52-11ed-8916-0242ac150003,true
47,1,46,serve success seat this agreement once,Early tree property land agree source. Spring quite would compare consider along. Source simply structure memory interesting collection. Notice condition follow land purpose town. School worry spend mind opportunity store. Skill truth else three owner. Board few art foreign today pattern recent have. Manager every vote language least magazine. Year article simple make gun us.,2021-03-01 13:45:10.877484,0.0,915,cda0f306-ce52-11ed-8916-0242ac150003,true
48,1,50,wrong gas life stay,View language work Democrat leave tree deal arrive. Pass seek involve figure. Population require attack carry music power. Practice price soldier receive room agent describe head.,2021-06-27 13:45:10.877492,0.0,723,cda0fcf2-ce52-11ed-8916-0242ac150003,true
49,1,75,low cell action some identify like character,Item already fall partner Mrs. Born whatever deep leader within company. City majority cut this ten within. Participant against close letter. Main technology property east night trip. Network management dinner about break could. Catch rest some always talk.,2022-04-09 13:45:10.877499,0.0,639,cda10864-ce52-11ed-8916-0242ac150003,true
50,1,139,owner last gas consider,Fire billion fight southern. Item relationship among on exist color cold phone. Five husband check month. Thought more quickly heavy north positive. Want such behind moment once nation. Inside hair front decade strong season avoid. Support throughout key back later international energy goal.,2021-12-08 13:45:10.877507,0.0,485,cda1166a-ce52-11ed-8916-0242ac150003,true
51,1,119,hair financial way difference four,Performance design begin against health bag front scene. Whole analysis continue available hospital degree per. Guy military order whole lay. Short blue catch simply gas fact. Whatever high through everybody sit than. Drive kind finally three. Party like second air they what line list.,2020-07-17 13:45:10.877520,0.0,760,cda1225e-ce52-11ed-8916-0242ac150003,true
52,1,27,condition today knowledge yes open window,Born machine right key fund. Improve but art have throw discussion center. Art trial owner weight fast east sound. Effect born side high under good drive. Television office air computer sure main so. Read among turn per team accept behind. Above recently poor of watch pretty lawyer. Change might sort say.,2020-12-21 13:45:10.877528,0.0,0,cda12ea2-ce52-11ed-8916-0242ac150003,true
53,1,135,memory apply leader consumer decade letter put data lead,Consumer you only property strong. Financial chair entire staff. Plan state everyone society. Rest store vote bring. Indeed that option quickly. Short student collection more ask. Really at oil great. Way cup above section war bed. Owner project deep big. Project type decade go.,2021-09-18 13:45:10.877536,0.0,39,cda13e7e-ce52-11ed-8916-0242ac150003,true
54,1,47,group society article use stop yard final,Statement part race control something thousand claim. Either performance ready hand wish thought floor. Seven describe catch whatever maintain mean whom. Themselves like this cover first common all. Painting sit choose sense. Present reflect per college car. Impact bad fund attack course style gas inside. Billion anything account rise several Congress.,2021-01-12 13:45:10.877552,0.0,232,cda14b12-ce52-11ed-8916-0242ac150003,true
55,1,112,people nearly lot church happen,Between audience society sometimes child why car. Which single science project somebody. Performance model movie choose. Scene might court mouth party Republican often. Time glass than.,2021-07-21 13:45:10.877561,0.0,600,cda15a62-ce52-11ed-8916-0242ac150003,true
56,1,131,physical agree law history view,Manage serve just entire. Mind your charge defense impact eight could safe. Civil who girl sister result. Course environmental gas car trial. Or owner into particular society education along raise. Congress sister move the environment audience imagine.,2023-02-17 13:45:10.877569,0.0,183,cda170ba-ce52-11ed-8916-0242ac150003,true
57,1,86,data administration argue may onto peace,Budget off nor begin. Matter beautiful news out fly. Month both father gun. Director south no record. East prove wide method expert listen.,2022-01-15 13:45:10.877576,0.0,63,cda17dee-ce52-11ed-8916-0242ac150003,true
58,1,120,garden seat conference without land,Along pick certainly thank catch. Unit event can leave value throw minute. Sense current reality next forward maintain beat.,2022-05-25 13:45:10.877583,0.0,804,cda1900e-ce52-11ed-8916-0242ac150003,true
59,1,99,win draw husband station card,There themselves by evening kitchen. Three together coach realize explain gas. Fish measure form night sea effect network. Up wear should include. Fly thing industry require them teach north smile. Newspaper central plant into last assume available. System increase call commercial defense although level food. After sister customer movement.,2020-12-01 13:45:10.877591,0.0,826,cda1a47c-ce52-11ed-8916-0242ac150003,true
60,1,68,speech green others class,Western actually value every result reduce build. Bit manager concern common. Under sit finally land spring foreign summer father. Area study according form program. Identify benefit determine oil center among. As carry summer. Boy look environment in campaign morning.,2023-01-10 13:45:10.877599,0.0,238,cda1b0b6-ce52-11ed-8916-0242ac150003,true
61,1,42,trade blue among hour need staff before save find,Country each behind describe across challenge. Themselves eight reason scene fly phone. Late organization raise difficult. Card suffer design go your.,2020-07-07 13:45:10.877606,0.0,992,cda1bde0-ce52-11ed-8916-0242ac150003,true
62,1,62,challenge card matter discuss prove remember among,Perhaps among top although second for. End decade surface involve. Level charge stay. Personal cut step city build born president approach. Few again outside fall body two. Pressure only level list west best election.,2020-08-06 13:45:10.877614,0.0,318,cda1c920-ce52-11ed-8916-0242ac150003,true
102,2,89,board list travel hand main western center,Course exactly early change member science site. Left student already training. Season hour national. Kid avoid rule opportunity. Benefit agree herself.,2022-02-22 13:45:10.877621,0.0,405,cda5519e-ce52-11ed-8916-0242ac150003,true
63,1,107,individual high green alone clear,Specific raise travel consumer agree form. Stage teach ask young foreign expert. Particularly allow few low new. Only pressure hospital even. Or blood lot take. Look family in smile similar top measure. Respond size product sort thought budget strong paper.,2022-12-31 13:45:10.877629,0.0,547,cda1d8a2-ce52-11ed-8916-0242ac150003,true
64,1,27,unit start relationship general foreign person plant energy,Support first employee responsibility move life. Feel me mention quickly hundred kitchen accept worker. Sister produce successful whole long summer. Middle customer join sit else maintain beautiful. Court north miss prove record. Mission control new herself. Stand artist school keep remain wait impact.,2021-12-14 13:45:10.877638,0.0,878,cda1e932-ce52-11ed-8916-0242ac150003,true
65,1,37,computer save radio wife who into success,Fast toward front beat but station gun. Yeah difficult indeed. When produce wear wide catch send play. Experience father name necessary majority. Report quality real nice quality discuss staff. Director relationship range someone admit school same least. A child my hope story. Various eye red perform.,2022-12-25 13:45:10.877659,0.0,279,cda20ab6-ce52-11ed-8916-0242ac150003,true
66,1,72,south participant they reason right,Enter allow politics black thus read owner. War summer buy camera. Require money stock interest myself.,2021-05-26 13:45:10.877667,0.0,318,cda21b3c-ce52-11ed-8916-0242ac150003,true
67,1,129,view light doctor us,Maybe suggest near either represent section marriage attorney. Understand Republican health pass receive rather present. Mean culture back alone relationship.,2021-11-05 13:45:10.877674,0.0,40,cda22adc-ce52-11ed-8916-0242ac150003,true
68,1,116,which clear life team field,Almost challenge meet scene stay also dog among. Another address back it technology. Claim one poor peace add hard now. Friend course exactly fight. Stand subject or woman soldier every. Land newspaper everything item. Effort action care move available model necessary. Identify tax concern play. Radio thus take reduce.,2022-01-22 13:45:10.877682,0.0,502,cda2404e-ce52-11ed-8916-0242ac150003,true
69,1,76,deep economy moment bar car type,Space name agree they. Responsibility down training throw ten high. Message huge hear fly task reach. Support continue hour fire each western business just. Because grow member box establish lay star. Sure agency guy section. Glass do seem dream child go. Material indeed various call production study act. Loss share success audience.,2021-12-15 13:45:10.877690,0.0,257,cda255ac-ce52-11ed-8916-0242ac150003,true
70,1,78,very situation thank try lawyer miss lay story,Author discover discussion situation. Next how explain wide. Would place look idea. Work site beautiful sometimes stock fire return. Why certainly until rise thus computer. Nothing color memory final really across special. Rise stage laugh five. Worker specific per. Season black natural front safe your baby interesting. Surface such lay raise probably relationship. Worry will join.,2021-08-29 13:45:10.877703,0.0,184,cda27bd6-ce52-11ed-8916-0242ac150003,true
71,1,57,business almost method seven admit throughout,So store minute run two allow. Hear open hot yet energy. Anything here former news fear actually idea. Girl edge lawyer kid prevent standard part. Way may skill democratic. System almost adult the risk between. Remember like guess article. Reason maintain why beautiful with hot.,2021-04-30 13:45:10.877711,0.0,732,cda2944a-ce52-11ed-8916-0242ac150003,true
72,1,88,traditional fire who lay yet more these door serve,Common at probably serve. Him top our war. Tax during maybe tree box husband. Field prove argue month. Keep road central fly.,2020-12-05 13:45:10.877718,0.0,263,cda2a9da-ce52-11ed-8916-0242ac150003,true
73,1,105,woman his use benefit join clear pull people,Save bag suddenly find subject consumer scene. Hand the these record. Election public hit already beautiful small want. Education move add suffer also hotel. These outside analysis get painting. Describe sometimes medical create. Before well room buy early. Will since lead writer herself wife.,2021-02-04 13:45:10.877726,0.0,885,cda2be16-ce52-11ed-8916-0242ac150003,true
74,1,53,test various off mission east order spend story first,Authority peace industry development board surface look guess. Eight white hundred themselves sense call. Fight process else stock oil save. Soon center director own people foreign say. Letter authority would return also television. Any wrong his drive be industry early. After group likely special manage myself pick nearly. War foreign sense writer he.,2020-11-27 13:45:10.877735,0.0,4,cda2dab8-ce52-11ed-8916-0242ac150003,true
75,1,122,quality watch together financial today city view,Money case billion remember office kitchen to success. Result another between evening sister leader. Ready main art part environmental return city figure. Across note citizen structure thought try speech. Compare why house detail task. Plant avoid partner bill.,2022-12-11 13:45:10.877743,0.0,434,cda2f548-ce52-11ed-8916-0242ac150003,true
76,1,32,wish raise politics,Figure close former child difficult just occur. List this turn next traditional few. Become focus room many. President with talk style would available suggest international. International watch since born. My kitchen create civil ability. May gas industry church possible figure space minute. City little he without wide. Different bar recognize kind spend nor cold other. Each source interest ready thank begin today. Stop quite paper drug doctor better. Happen board better compare once chance certain.,2022-12-29 13:45:10.877752,0.0,70,cda30df8-ce52-11ed-8916-0242ac150003,true
77,1,93,all natural every every,Relate trial foreign project realize. House somebody almost dream everything. Card fight answer red. Threat artist make dog current. Possible west agent fish. Here feeling western. Me law indeed animal turn perform source.,2021-04-07 13:45:10.877762,0.0,741,cda3204a-ce52-11ed-8916-0242ac150003,true
78,1,138,important song conference,Bag trip feel someone. News site moment customer occur career raise. Develop opportunity eat. A quickly similar soon character garden myself. Arrive brother feel involve.,2021-05-18 13:45:10.877769,0.0,702,cda32fb8-ce52-11ed-8916-0242ac150003,true
79,1,31,action move general,Economic crime all someone and particularly find. Size role how trip. Play indicate scene want environment where program. Experience evidence eye thank process cost court. Purpose manage hand. Hope easy technology. Rich friend yet walk decision. Only house sister really. Property pull effort book.,2021-09-24 13:45:10.877777,0.0,723,cda3491c-ce52-11ed-8916-0242ac150003,true
80,1,65,staff next president director cut fly,Standard explain people save wish our. Feel type very public year character matter street. Finally since young state positive lay Mrs. Pressure range sell thought friend trouble reflect seek. Page member none relationship space walk free. High discuss decide young lot close. Radio record sell. Establish land usually like drug nation. Product industry name. Even why beautiful.,2023-03-23 13:45:10.877785,0.0,449,cda35e20-ce52-11ed-8916-0242ac150003,true
81,1,35,kind sort various yeah,Church politics focus carry set. Quite administration when air decide daughter box. Election foot believe course. Learn similar forget key middle rate. They put subject fight key. Republican six improve contain during quality.,2021-03-19 13:45:10.877796,0.0,660,cda36e6a-ce52-11ed-8916-0242ac150003,true
82,1,84,drive until simple rest instead issue off write per,Lose effect training. Church western full simple many. Example space wear method both capital. Everybody write truth future change image mother. Almost allow nearly their. Seek everything consumer drug activity real. Around entire be. Store to size show car like ahead owner. Yard small listen pattern drive. Land Congress condition song.,2022-06-01 13:45:10.877805,0.0,547,cda38990-ce52-11ed-8916-0242ac150003,true
83,1,42,situation participant too view,Scientist life describe possible become wear. Cut health remain still. Upon whom sure million fund similar scene. Girl successful music hard. Forward attack soldier as road its. Everybody board write weight.,2023-02-26 13:45:10.877813,0.0,319,cda39c78-ce52-11ed-8916-0242ac150003,true
84,1,27,popular student decision represent hope,Thank task course say. Herself story left lead third environment. Reveal operation during letter. Discussion either science eye including suggest firm. Can enter painting.,2021-05-02 13:45:10.877823,0.0,204,cda3b17c-ce52-11ed-8916-0242ac150003,true
85,1,88,it more wall,Public agent police it return. Effort ago direction pick. Different in individual each. For certainly management. Day identify five health employee letter must. Itself avoid card author place nature energy. House since rich rise hour night interest. Medical ahead with short get all dark. Arrive former them wear college.,2022-04-12 13:45:10.877831,0.0,884,cda3c7f2-ce52-11ed-8916-0242ac150003,true
86,1,81,minute trial never investment,How range single physical. Continue support medical food during behind. Security past former place purpose often. Side major require southern street test radio.,2020-11-05 13:45:10.877872,0.0,693,cda3d936-ce52-11ed-8916-0242ac150003,true
87,1,51,fall once support improve figure build,Top impact none remain week look. Thing present ahead late. Medical rate result information but front. Grow life stop floor among base. Design federal ever yourself reveal. Than bag thousand staff it time. Participant four offer rule. Minute station market individual.,2022-07-10 13:45:10.877883,0.0,567,cda3face-ce52-11ed-8916-0242ac150003,true
88,1,82,risk operation relationship skin everybody beat,Suffer trial source general game mission. Activity anything we and trade report. Specific rule benefit treat see recent sort pick. Different defense central scientist bad ground. Between material especially majority city design.,2021-04-06 13:45:10.877891,0.0,920,cda43016-ce52-11ed-8916-0242ac150003,true
89,1,34,material quite under rather seven sign since talk approach,Ability control fill. More now add method nothing many. Next unit find read hospital. Occur soldier use tonight than bring door.,2021-12-04 13:45:10.877902,0.0,557,cda44902-ce52-11ed-8916-0242ac150003,true
90,1,81,people eight development,They high shoulder financial scientist establish. Quickly final budget appear forward control. Lot sell business friend hand then. Seat care seven laugh add. Her data true machine. Certain their must. Air nothing you impact provide imagine statement. Son consider weight personal. Left consumer democratic player.,2022-06-08 13:45:10.877911,0.0,717,cda45fb4-ce52-11ed-8916-0242ac150003,true
91,1,125,until no security senior establish large throw contain,Least again free teach light bit. Whose tree surface prepare. Range collection for act question travel pick design. Keep father now attorney rich early.,2022-03-29 13:45:10.877919,0.0,125,cda470d0-ce52-11ed-8916-0242ac150003,true
92,1,52,tough turn own,Eye parent very but debate near leg. Game card listen song. Could even town challenge between. Baby instead religious nothing both.,2021-06-24 13:45:10.877934,0.0,670,cda4817e-ce52-11ed-8916-0242ac150003,true
93,1,80,activity avoid alone hundred system organization,Drug week kind white present value information. Whose best treat leg spend at program. Really late spend why show money movie. Without without resource. Statement ever law fact ability guy raise. Goal situation detail my capital address suffer drug. Begin water occur account deep choice. Attorney later summer however. Floor focus sound hit best actually. Character key mouth. Room risk reduce ground because. Left probably environment town.,2021-04-20 13:45:10.877945,0.0,715,cda499e8-ce52-11ed-8916-0242ac150003,true
94,1,115,seem movie card two any,Campaign another free. Thank leg party work however. Meeting door Republican sing first push. Step including see certainly interesting. Argue begin analysis well painting. Would none Congress admit lot. Throughout economic whatever bar later contain. Vote important prevent.,2022-07-17 13:45:10.877953,0.0,874,cda4b810-ce52-11ed-8916-0242ac150003,true
95,1,96,soldier charge process around executive mother almost modern,Other particularly try market national billion. Its subject finally after. School particularly street. Main travel recent person. Beyond weight mother least successful history anything. Contain create exactly. Table hotel stay hour plan lose condition. Possible investment run. Admit amount wall field anything. Line many of positive because indicate PM. Institution sing account eight. Star amount to west accept.,2020-08-18 13:45:10.877962,0.0,516,cda4cf8a-ce52-11ed-8916-0242ac150003,true
96,1,85,record describe continue minute entire decision top couple,People inside now night. Thank science your line particular. Instead operation skill husband security chance without break. Hotel support option sort send information about.,2022-07-01 13:45:10.877970,0.0,895,cda4e254-ce52-11ed-8916-0242ac150003,true
97,1,74,speech certainly because,Wall occur she operation whose get pick voice. Board keep color couple former girl health alone. Onto suggest per method teach. Four agree into significant short through remember oil. Back top on.,2021-12-31 13:45:10.877977,0.0,409,cda4f726-ce52-11ed-8916-0242ac150003,true
98,1,92,short clearly on dream about scientist loss recognize,So help with different mean short others difference. Unit someone as no. Front sing us ability available. Plant capital get prevent Democrat.,2021-08-11 13:45:10.877985,0.0,224,cda50cca-ce52-11ed-8916-0242ac150003,true
99,1,58,accept join those agreement happen support,Perform benefit personal example arm. Green democratic thus play. Task report to computer hundred build if. Coach today cost maintain money develop. Understand computer color song science set. Item actually as add project number. Star network have newspaper sign.,2022-02-12 13:45:10.877992,0.0,237,cda51fc6-ce52-11ed-8916-0242ac150003,true
100,1,88,magazine bag four education seven control certain help,Administration education factor home interesting yard stage. Probably example girl show remain shoulder international. Dark write question back sport remember well key. Yeah get realize everything best power present seat. Avoid billion type enough purpose sell. Song wall indeed wear open. Rather issue Mrs left vote.,2020-10-18 13:45:10.878000,0.0,400,cda530a6-ce52-11ed-8916-0242ac150003,true
101,2,111,cost send create,Grow move teacher piece body free. Eight through small like team. Five open finally ahead agent system perform. Much and development student ready enter. Product beyond nor thing team well. Wonder they sing shoulder worry they. Others manage usually somebody during edge. Across future should blue. Either past base democratic which. Public grow every anything.,2020-07-20 13:45:10.878009,0.0,923,cda54348-ce52-11ed-8916-0242ac150003,true
103,2,77,where research water national budget,Picture TV action politics. Realize always want respond control start. Father seat kitchen either concern. Five fire hospital they begin. Teacher certain talk. Speak of position pull wall any report fund. Increase follow budget save hundred speech. Billion stay easy from. Can that himself class. Store individual reach very hot phone Mrs. Bank operation finally training history effect.,2020-07-08 13:45:10.878022,0.0,673,cda56508-ce52-11ed-8916-0242ac150003,true
104,2,103,affect already recognize to Mrs,Though enjoy find create but likely generation. Arrive service less large reach. For always religious exist that physical. Receive go campaign care. Reflect check attorney key front. Learn up understand.,2020-11-15 13:45:10.878029,0.0,483,cda573ea-ce52-11ed-8916-0242ac150003,true
105,2,136,pattern rest lose tough,Question us watch spring design. Simply medical myself forward. Husband board important last art Mr now. Simply place stay century deep certain. Put provide manager traditional or official. Huge production tough skill.,2022-12-22 13:45:10.878037,0.0,542,cda58628-ce52-11ed-8916-0242ac150003,true
106,2,85,whether book compare anything those,Add while art life mind building particularly. Plant card week evidence article one detail fear. Capital write general off. Reduce strategy wear past dream. Page right couple travel follow.,2022-10-19 13:45:10.878044,0.0,202,cda594ce-ce52-11ed-8916-0242ac150003,true
107,2,142,learn radio new life huge operation yourself start president,Where bring walk suggest PM cause their bit. Congress morning hit usually sing record interview. His machine mouth pick condition through lawyer. Allow edge buy billion military we. Nice action full enjoy road conference. Stay seven account pull. Determine year arrive very full dinner. Computer relationship free report young. People west level officer. Fly stuff use.,2021-08-15 13:45:10.878053,0.0,271,cda5b350-ce52-11ed-8916-0242ac150003,true
108,2,126,democratic behavior do,Necessary important prevent help look reach. Plant skill crime store tend. Movement capital wait account. Require much room difficult. Family ahead rate only effort information what. Drive sell defense career state administration. To improve western. Positive thing recent leave read nature. Truth fly her if glass either.,2020-11-06 13:45:10.878073,0.0,657,cda5ca52-ce52-11ed-8916-0242ac150003,true
109,2,68,middle itself relate,Staff nearly design recognize skin. Standard wide treatment media type high let. View idea standard air unit.,2021-11-09 13:45:10.878084,0.0,115,cda5dd26-ce52-11ed-8916-0242ac150003,true
110,2,97,drop former enough live resource voice,Practice seem PM measure. As natural happen treat theory. Spring name seem entire require system. Full dinner administration wife oil collection fly Democrat. Of sure always everyone. But cell deal. Between student speak drive.,2021-06-25 13:45:10.878094,0.0,459,cda5f09a-ce52-11ed-8916-0242ac150003,true
111,2,65,important area during husband travel represent middle,Hot kitchen truth drive consider matter. Off successful hour eye glass once. System on order former. Form commercial single why prepare. Project wait rich. Eight air simple me but. Owner order keep traditional field then.,2021-07-09 13:45:10.878102,0.0,203,cda6040e-ce52-11ed-8916-0242ac150003,true
112,2,116,product alone sign,Contain sense take. Newspaper factor your since kid style popular argue. Game including nature. Thought down program return cell sure.,2020-10-13 13:45:10.878109,0.0,831,cda61430-ce52-11ed-8916-0242ac150003,true
113,2,106,big accept majority size according audience hotel,Discussion door clear whom main single cut left. Both property stock just again with. Manage experience system painting city land. Hour day first society. Finish throughout sometimes. Country officer herself budget imagine party during. Hot situation five value lawyer.,2022-04-05 13:45:10.878117,0.0,198,cda628a8-ce52-11ed-8916-0242ac150003,true
114,2,54,mouth be way probably firm parent paper blue feeling,Sport degree true seat. Land truth company. Stock necessary recent. Unit represent region answer per. Measure form place instead direction source.,2020-11-30 13:45:10.878127,0.0,627,cda634b0-ce52-11ed-8916-0242ac150003,true
115,2,50,arrive possible remain,Address seek guy treat sing us. A water strong always let total thank. Could president finally. Significant heart ball fish. Party once reduce could create. Century before sense address. Situation together very wind medical. Surface read model news. Fast simple sing. Everybody body when now size result difficult. Degree we teacher give employee long reason. Idea threat help protect. Mission write individual ten building technology sell.,2022-10-11 13:45:10.878136,0.0,87,cda6445a-ce52-11ed-8916-0242ac150003,true
116,2,36,threat clearly help,Simply sea Mr ball. Remain pressure public big direction over think. Reveal six may difficult. Challenge arrive little both.,2020-07-09 13:45:10.878143,0.0,686,cda64e6e-ce52-11ed-8916-0242ac150003,true
117,2,136,manage step occur wait word top,Character book evening idea power create goal. Begin quality cost walk meeting dog interest. Difference nation for lose force soon agent. Site whatever imagine health not somebody nice reach. Form left develop. However produce cover customer resource town. Factor task health seat minute.,2020-12-15 13:45:10.878151,0.0,146,cda65a8a-ce52-11ed-8916-0242ac150003,true
118,2,102,develop cultural budget road administration myself president evening,Store safe when car stage night throughout. Cup war analysis decide organization agreement. Spend middle school other activity case mention. Cup anyone book. Likely culture organization let heavy hospital at. Oil feel get think. Girl everybody friend center important choice trial. Brother country lay much field military. Professional focus throw discuss final.,2021-03-30 13:45:10.878160,0.0,821,cda67344-ce52-11ed-8916-0242ac150003,true
119,2,132,husband sell yet be measure sell leg,Lot camera might during everybody trip. Well color small source against. Herself top minute couple.,2022-03-03 13:45:10.878170,0.0,918,cda68258-ce52-11ed-8916-0242ac150003,true
120,2,96,challenge just democratic pick what practice several past law,Collection particular threat western. Music police while despite pull them rock. Serve model time among rule civil rate. Physical month clearly street young. Knowledge enjoy less doctor evening there. Protect walk everyone foot eight tonight rate. Painting century election bar character.,2021-08-27 13:45:10.878179,0.0,170,cda6959a-ce52-11ed-8916-0242ac150003,true
121,2,133,everybody ability international,Teach yes kitchen subject. Tough music yet treat myself hard. Third bad indeed natural foreign he summer bank. Color expect environment stock education. Board great as note my. Out return free store pull. Other prepare positive popular life. Off table health model various daughter authority religious. Throw inside seem ten now. Choice mind blood she sometimes political contain cut. Politics act style success week large beautiful some.,2022-04-30 13:45:10.878188,0.0,964,cda6acc4-ce52-11ed-8916-0242ac150003,true
122,2,84,toward million explain perform hold,Test sense model system simple speak indeed. Low development spend visit sit. Whom western difficult century. Technology machine that power item foreign lay. Investment career these series another. Simply catch place ball coach hour. A find boy popular beat indeed. Miss yes others.,2022-11-11 13:45:10.878196,0.0,990,cda6c088-ce52-11ed-8916-0242ac150003,true
123,2,65,might material western investment eye available particularly,Account by ask. Guess at themselves leader. Chance care hair. Conference crime total. Support Democrat recognize. State need woman ball project. Learn hundred particularly night. Or something trial yard writer who. Mean stand baby could five final animal.,2021-12-03 13:45:10.878206,0.0,811,cda6d528-ce52-11ed-8916-0242ac150003,true
124,2,130,interest score central suggest morning threat,Pass his space result other. During wife none look outside lead. Author create consider hospital board once audience. Me determine claim put. Mind customer you.,2020-12-24 13:45:10.878217,0.0,292,cda6eb62-ce52-11ed-8916-0242ac150003,true
125,2,125,sure school court accept husband born action record several,College best trouble. Remember scientist morning stay reason next leave. Front smile miss maybe know. Sell point standard cost media inside. Include response reason color. Strong commercial only. Arrive throw building speak or idea trip make.,2023-01-14 13:45:10.878225,0.0,13,cda6fef4-ce52-11ed-8916-0242ac150003,true
126,2,64,fast beat president heart,Response trip food attorney develop truth carry table. Movement everything yeah make. World including pay born. Write especially reach Mr kind threat account exist. Describe data certainly little budget tonight.,2021-11-06 13:45:10.878233,0.0,654,cda70fe8-ce52-11ed-8916-0242ac150003,true
127,2,113,you who travel step speech relationship significant nation,Husband notice create draw election its scientist. Minute attack now information star. Ball nation idea piece play. Help radio bar.,2020-07-13 13:45:10.878247,0.0,412,cda724ec-ce52-11ed-8916-0242ac150003,true
128,2,94,country about hot sound consumer trade lay,Past perhaps everything owner thing. Myself next weight wait response response war. Week skill imagine rule address charge. Catch structure wonder again. Local positive rule rather possible. Structure organization occur. Much teach still three magazine too mean standard. Attorney month degree sound participant response.,2021-06-10 13:45:10.878257,0.0,932,cda75d86-ce52-11ed-8916-0242ac150003,true
129,2,133,from affect issue any,Apply far get another. Sure boy season. Because would century. Involve music explain since effort term easy. Evening unit provide family worry certain.,2020-08-03 13:45:10.878264,0.0,439,cda769e8-ce52-11ed-8916-0242ac150003,true
130,2,124,yeah message author skill current realize,Bring head blue. Prepare debate often not often site. Strong teacher appear certain deal around professor bring. Carry not me meeting human.,2021-01-30 13:45:10.878273,0.0,374,cda77460-ce52-11ed-8916-0242ac150003,true
131,2,39,then sit production leave side talk,Hotel trade defense but only small. Plan second alone indeed. Win institution of within. Fast cultural hair serious. Pull billion program fast. Song suffer side.,2021-10-13 13:45:10.878290,0.0,265,cda77f96-ce52-11ed-8916-0242ac150003,true
132,2,95,action maybe pick glass six within,Democrat daughter forward itself. Really whether such one firm follow. Data boy choose road. Financial off letter consider. Discussion situation single condition language fight whose. The better north southern edge threat. Rest speech remain want never. Model to become hundred east. Huge especially another Mr light their.,2021-09-05 13:45:10.878300,0.0,258,cda78ca2-ce52-11ed-8916-0242ac150003,true
133,2,131,book accept tonight,Suggest recently Democrat tonight. Friend owner business such heavy. Move strong many quickly crime. Weight leg create scientist size we. Shake seven cut. Evening ask phone. Between step even impact contain mission visit. Son tell cultural. Sell fine best moment pick.,2021-05-01 13:45:10.878307,0.0,94,cda79954-ce52-11ed-8916-0242ac150003,true
134,2,46,writer rest drug high management move guy number past,Add improve end follow. Government site carry inside very. Be run manage central consider weight analysis fly. Father professor town player pressure me. Sell movie nor institution off stage reach. Argue on item across. Take might sort chance or. Car feeling his gun strategy prevent.,2020-09-14 13:45:10.878315,0.0,284,cda7a5b6-ce52-11ed-8916-0242ac150003,true
135,2,61,rate organization some dog ready cultural maybe,For enough its cultural it network. Economic notice condition including trade art. Major floor month minute lose rich. Art run task just. Sister of happen smile image. Capital agreement husband your sea her smile. Right wind ok board color up church.,2022-06-07 13:45:10.878326,0.0,5,cda7b164-ce52-11ed-8916-0242ac150003,true
136,2,25,stay else bank same in example field certain her,Question type Mrs good. General air work interest. Stand build less fast everything take. Phone look today American. Animal tonight by mean. Police family meeting onto exactly win. That memory probably find sea standard.,2021-10-22 13:45:10.878334,0.0,14,cda7bd1c-ce52-11ed-8916-0242ac150003,true
137,2,140,produce field current,Explain here arm fear us fight language. Shake training set accept pass. Six between bag west. Senior out thank wrong into mother. Itself seem course indicate either those.,2023-01-20 13:45:10.878342,0.0,380,cda7c8a2-ce52-11ed-8916-0242ac150003,true
138,2,108,knowledge person either western drop,Standard tree fire him education deep. Since attention indeed event style down structure. He apply will amount southern. Out how yes nature once member seat. Leg management only skin truth per free. Parent father argue hit. Number friend expect huge. During capital window sport. Cause ok big they significant. Low growth national serve past build.,2022-03-06 13:45:10.878351,0.0,600,cda7e170-ce52-11ed-8916-0242ac150003,true
139,2,132,bit Mrs religious,Open candidate find something. Stage appear represent system television particularly. Woman these particularly low bank.,2023-02-07 13:45:10.878358,0.0,719,cda7f0b6-ce52-11ed-8916-0242ac150003,true
140,2,74,task star box five series at form agreement summer,Even treatment may if only eat expect. Go suddenly probably month heavy single window. Beyond would these if control. Across dream help about size sport attack. Off with another early. Well check edge certain. Between ask financial read entire machine. According walk produce word including effort else.,2023-02-28 13:45:10.878366,0.0,174,cda807cc-ce52-11ed-8916-0242ac150003,true
141,2,39,election foot door far,Record check science company degree late beautiful. Play those cup expert create. Customer stock face hundred system economy. Population commercial do few right. There thus agency month.,2022-06-09 13:45:10.878373,0.0,293,cda81834-ce52-11ed-8916-0242ac150003,true
142,2,126,well tree when almost case far several security,Wonder but simple compare many its whom indeed. Leader traditional image this really card fast class. Anything blue agent list. Movement enter natural. Situation major player close much.,2023-03-11 13:45:10.878381,0.0,213,cda828b0-ce52-11ed-8916-0242ac150003,true
143,2,127,year traditional main,They forward travel difficult. Structure lawyer water. Paper else born audience your receive good whose. Result care more culture stay. Voice purpose enjoy compare. Fire us agent this manager case.,2022-09-05 13:45:10.878388,0.0,744,cda839cc-ce52-11ed-8916-0242ac150003,true
144,2,33,shoulder security view guy bar once person data,Night daughter truth. Body charge person name none. Benefit weight budget accept instead cost eye. Language property box defense position. Thank itself hold color human.,2023-03-30 13:45:10.878395,0.0,600,cda84a8e-ce52-11ed-8916-0242ac150003,true
145,2,135,also impact bad team piece choice within represent,Phone more weight her protect much with. Language any term beyond. Information painting left direction new stage whom. Scene accept ability production role foreign course.,2022-01-12 13:45:10.878403,0.0,974,cda85fe2-ce52-11ed-8916-0242ac150003,true
146,2,143,herself certain thank,Until modern help sister concern cover war. Social over them letter fund attack. Parent accept spend fish somebody condition. Test similar seat sister. Son single visit edge great under. Watch tell still.,2023-03-14 13:45:10.878415,0.0,872,cda871f8-ce52-11ed-8916-0242ac150003,true
147,2,42,give discussion miss practice,About live clear south. While business whom choose organization which. Whatever manager condition shoulder treat level quality. Material return on draw adult discover. Grow reason food indicate perhaps edge. Somebody whether voice us kid simply.,2022-01-24 13:45:10.878424,0.0,320,cda882ec-ce52-11ed-8916-0242ac150003,true
148,2,116,watch open five across,Finish trade accept seven. Dog itself exist music treatment against. Difficult us nothing expert describe participant cost air. I however just near also real. In close such show. Push true share our government for line. Space growth all.,2022-01-05 13:45:10.878431,0.0,990,cda894b2-ce52-11ed-8916-0242ac150003,true
149,2,29,every avoid participant become,Item less exist term manager. But this third picture happen according. Write far unit because she. Class their meet play group accept.,2021-08-12 13:45:10.878438,0.0,62,cda8a358-ce52-11ed-8916-0242ac150003,true
150,2,30,wrong front focus,Fine where far best hand place. Stay themselves cause close week. Decade serious speak boy. Beautiful do line official build age hit. Oil I condition since theory. Real middle voice.,2021-09-18 13:45:10.878446,0.0,928,cda8b2ee-ce52-11ed-8916-0242ac150003,true
151,2,87,democratic look feel notice entire yes,Purpose continue reveal score another accept. Eat cup section heart. Bar responsibility wrong recently town. Book meeting environment health. Decision student raise thought you seek. Sister class practice care conference market. Commercial range bring store much. Offer generation each term. Effort employee fire seek. Their media next be term.,2023-03-14 13:45:10.878457,0.0,529,cda8caf4-ce52-11ed-8916-0242ac150003,true
152,2,140,response industry magazine,Push many suddenly expert citizen spend easy. Interview join form over country. Beat natural type certain political. Themselves challenge story field make laugh. Current thing whom writer together finish present. Television condition nearly life. Quite behavior executive only under style toward. Force choice protect last.,2021-12-01 13:45:10.878466,0.0,567,cda9175c-ce52-11ed-8916-0242ac150003,true
153,2,126,staff court wife several race study worry agency,Way billion quality anything staff from itself measure. Mrs too listen identify guess property serve. History provide economic improve put. Project create building garden himself.,2020-09-02 13:45:10.878473,0.0,586,cda92972-ce52-11ed-8916-0242ac150003,true
154,2,66,letter field family official spend factor recent daughter when,Speech account hit positive ok rich common. Young skill exist weight. Send attack to series wait me.,2020-07-09 13:45:10.878481,0.0,568,cda93908-ce52-11ed-8916-0242ac150003,true
155,2,48,big lead scientist itself by,Section up individual agree his. Culture technology cut fear between billion fear. Success kid office marriage situation. Little level edge game.,2022-02-10 13:45:10.878517,0.0,574,cda948f8-ce52-11ed-8916-0242ac150003,true
156,2,66,protect possible either child cover perform main approach,Land nearly type physical cause main act professional. Mrs body difficult appear. Popular fish concern challenge. We pretty finally time sound. Side sit medical despite charge. Customer doctor fear class project edge safe. In with determine color add always member. Toward six respond dog score industry sell. Week father eye think too on.,2021-11-17 13:45:10.878532,0.0,656,cda95dd4-ce52-11ed-8916-0242ac150003,true
157,2,99,better institution fear my practice four,Heavy service style nearly. Blood national might add race democratic. Type debate low sign heavy action wall. Establish piece piece investment current structure animal. Represent voice country travel Congress especially. Middle seat several toward few detail. Have team culture data economic buy.,2022-06-25 13:45:10.878541,0.0,284,cda974f4-ce52-11ed-8916-0242ac150003,true
158,2,126,political point describe meet generation anyone speak thing,Become size force phone third by total record. List realize job expect service. Pm throw source thousand commercial decision both company. Away glass street low admit thousand. Real environmental environmental exactly watch truth choose. Everything during draw design ready.,2021-06-11 13:45:10.878549,0.0,836,cda9873c-ce52-11ed-8916-0242ac150003,true
159,2,109,baby my where strong develop,Modern successful military crime. Age culture improve second this when. Choice leader value trial. Guess amount spring information morning. Serve interest throughout instead friend seem. Chair matter western feel capital. National wear note radio quality turn art. Statement exactly against major. Management figure the.,2022-10-30 13:45:10.878557,0.0,118,cda9a12c-ce52-11ed-8916-0242ac150003,true
160,2,60,others throw serve old interest authority where often,Edge form small. Land common among kind respond daughter. Age interview very executive. Accept often like nor music computer prove.,2022-03-23 13:45:10.878564,0.0,371,cda9b13a-ce52-11ed-8916-0242ac150003,true
161,2,70,responsibility only main office single property behind weight,Pull occur act. Risk pull final pull program. Economy step range never me across reflect large. Role company wear power defense number tax. Collection notice heavy method how song cut radio. Debate war grow hair old. Authority father writer including. Not station anyone arm nice improve. Big but movement dinner science chance walk. More buy claim sense. Drug reach building live cost. Happen leader why impact drive.,2021-04-10 13:45:10.878577,0.0,983,cda9c8be-ce52-11ed-8916-0242ac150003,true
162,2,126,use boy song manager,Process walk occur. Unit or him not. Process charge deep effect. Star region apply available. Character class apply because. Enough and coach detail.,2021-08-04 13:45:10.878584,0.0,244,cda9da2a-ce52-11ed-8916-0242ac150003,true
163,2,125,type want plant hand,City future decision major relate themselves. Also power great view six. Around heavy or threat third. Television skin so woman purpose. Site that black central bill. Guess safe artist hard good set dream.,2021-02-02 13:45:10.878594,0.0,189,cda9ebaa-ce52-11ed-8916-0242ac150003,true
164,2,55,life method meeting,Pretty western network role produce. Black right animal year. Beyond writer when provide strong. Majority against hospital organization. Lose place pay suddenly deep capital. Everybody by wear picture. Recognize Republican food pick drug. Agree watch responsibility pay. Ever do reduce official tree.,2021-07-12 13:45:10.878602,0.0,214,cdaa06d0-ce52-11ed-8916-0242ac150003,true
165,2,44,matter cultural deep learn president within think forward everyone,Only less business. Quality difficult top environment if opportunity. Million consumer television parent defense without send. Brother rock necessary list. Kitchen bill Congress main. Rise unit feel painting. One generation then available. Phone when firm bank oil find. Wall shoulder clearly. Door training write court. Wall protect put show its. Throughout scene appear hear.,2021-08-30 13:45:10.878611,0.0,795,cdaa252a-ce52-11ed-8916-0242ac150003,true
166,2,142,party official contain machine plant,Class ball everything charge best song. Pull real keep trade listen cell. Garden be save effort. Social debate often night red reason article. Land dark cell attack something most. Suggest tell need animal choose. Administration pass seven if. Five any late let same. Author finish four recent worker strategy. Sound change blood eye beat have. And whose movie first. Parent every chair minute no. Ever article none manage really people option.,2022-10-27 13:45:10.878621,0.0,462,cdaa437a-ce52-11ed-8916-0242ac150003,true
167,2,104,station off impact team coach look back see central,Window south kind answer few. Reveal treatment send cover various else. Set physical surface born goal boy task change. State front community whether. Article near key art whose increase receive artist. Fish better can organization who. Available purpose culture. Mention pull recently board really evidence foreign. Success probably station trouble. Factor consumer able. Behavior operation several.,2021-11-05 13:45:10.878633,0.0,47,cdaa5b76-ce52-11ed-8916-0242ac150003,true
168,2,56,claim people yard charge Mrs,Car daughter south man run develop sister from. Test eye speak also doctor quality. Throw or hope.,2021-12-09 13:45:10.878640,0.0,146,cdaa7142-ce52-11ed-8916-0242ac150003,true
169,2,34,team feel card hot risk school turn,Type his still great their billion pretty. Music low these professor vote mention. Side professional president wind including mother personal result. Whole deal we station. Fill plant sport bed marriage officer. Finally someone people recent break thousand. Face fire tax defense marriage hotel trouble media.,2023-02-13 13:45:10.878648,0.0,190,cdaa7f0c-ce52-11ed-8916-0242ac150003,true
170,2,25,director discussion available attack perform ask allow strong,Voice training season once agreement attack. Weight itself develop hold company office significant. Miss to score top political hear character week. For majority road her visit compare. Radio civil dark country policy them. Religious everyone up. Material allow guess former. Worker religious team local all. South attention Congress box front ready. Image entire skill expert specific may though. Hot phone experience fall. Among position rich eye.,2020-08-16 13:45:10.878657,0.0,516,cdaa9afa-ce52-11ed-8916-0242ac150003,true
171,2,139,talk eight away,Spring lose ability team experience forget believe. Choose its rich these property open. Heart strong add course gas. Senior particular arm east population. Field field wait offer break. Eat to good type. Share exactly employee high.,2021-01-19 13:45:10.878665,0.0,551,cdaab7a6-ce52-11ed-8916-0242ac150003,true
172,2,130,think trial traditional,Firm others line on new out standard. Worker myself benefit yes. Interest group figure job civil organization.,2022-05-17 13:45:10.878672,0.0,733,cdaac872-ce52-11ed-8916-0242ac150003,true
173,2,87,program challenge admit wrong coach action a recently,Analysis space a grow now. Too could live true reveal conference. Stage leader itself third material maintain. Play adult his amount skill. Leave total memory former green call. Themselves director line.,2020-07-13 13:45:10.878679,0.0,57,cdaae0d2-ce52-11ed-8916-0242ac150003,true
174,2,52,anyone avoid again cut mouth production yard old player,Simply indicate from relationship. Response walk human most. Can economic ready move and. Group step lot perform Mrs system need. Might glass pretty treatment. When size throughout off official. Coach fall force institution court rock. Stand thousand line take.,2022-12-02 13:45:10.878688,0.0,233,cdaaf59a-ce52-11ed-8916-0242ac150003,true
175,2,80,strategy behavior without have soldier base authority bed,Deal author suddenly determine night but. Itself ahead its writer official gun explain. Benefit special accept environment help little. Ball future suddenly difference order include. Build project able song cup tonight prepare. Between finish someone note offer wrong rock civil. Bill money police list. Article their join his make. Number executive run.,2021-05-18 13:45:10.878707,0.0,862,cdab0ff8-ce52-11ed-8916-0242ac150003,true
176,2,25,range occur improve police break art share page peace,Wonder travel reason north police majority coach. This student catch ever try professional. Region degree history rule follow. Land whose military many that agency open. Report medical local simple paper image. Forward process claim man I model today by.,2021-08-09 13:45:10.878716,0.0,961,cdab22e0-ce52-11ed-8916-0242ac150003,true
177,2,83,drop maintain player understand attack,Grow moment policy production try eat green special. Board list visit leg real be with. Marriage those only. Place star expert this what. Daughter international yard. Up before president building far service save. Hand general read man seem research. Them water different task thought old beat.,2021-04-21 13:45:10.878724,0.0,614,cdab3a00-ce52-11ed-8916-0242ac150003,true
178,2,125,meeting people sign law able style wait lawyer example,Away law writer public likely middle we cover. Floor commercial account return dark long thus. Push suffer successful white single week. Explain rule both process available will certain. Sign determine job today.,2022-10-05 13:45:10.878735,0.0,496,cdab4e3c-ce52-11ed-8916-0242ac150003,true
179,2,58,second age half explain their cost thank arm wall,Along enter shoulder yet security every one. Education south color medical. Subject right beautiful our than suddenly organization. Green American fish fish interest response. Give stuff near notice quickly security save. Hear team look agent.,2021-10-17 13:45:10.878743,0.0,534,cdab6084-ce52-11ed-8916-0242ac150003,true
180,2,52,hit six attorney less simply,College article say. Church cell though stuff brother leader box. Five itself value while industry despite billion nice.,2021-11-08 13:45:10.878750,0.0,67,cdab6f98-ce52-11ed-8916-0242ac150003,true
181,2,107,management woman adult improve mind,Cold nearly health office about away. Represent prevent save moment. Unit majority very realize. Ok might change sea still one. Too brother under artist man they radio. Everyone five Mrs voice serious. Ever ability Congress available he. Save chance him her. National art degree school money. Improve point machine actually case.,2021-02-05 13:45:10.878758,0.0,934,cdab87e4-ce52-11ed-8916-0242ac150003,true
182,2,112,whom wind community future need only,Story necessary continue drug on. Worry north fine office. Suffer address bit finally join crime few. Detail total research own drug four particularly simply.,2022-01-08 13:45:10.878767,0.0,419,cdab9b8a-ce52-11ed-8916-0242ac150003,true
183,2,81,big window defense point activity may,Owner bar collection big. Month represent sound local. Parent before less choice stage yet face. Employee figure agree try save too within. Sort better present decade big. You stock hot arm. Short admit focus today. Course oil surface audience want mouth moment production.,2020-09-04 13:45:10.878776,0.0,13,cdabaf94-ce52-11ed-8916-0242ac150003,true
184,2,104,relationship something either fight a always painting,Glass everybody while. Main indicate around current. Cut eye center discuss. Listen whatever dream century skill sport material east. Form film finish room.,2021-04-08 13:45:10.878783,0.0,754,cdabc326-ce52-11ed-8916-0242ac150003,true
185,2,53,tend individual concern score,Social number pretty. Weight someone fact water our member letter. Hard day agreement that happy among.,2023-01-18 13:45:10.878789,0.0,428,cdabd280-ce52-11ed-8916-0242ac150003,true
186,2,100,soldier everybody tend,Couple others wall technology pick. Something different fear control different behavior. These human often sure. American kitchen body none shoulder language dog data. Man hundred east I paper across memory our. Fine make data despite message party form.,2023-03-28 13:45:10.878797,0.0,639,cdabe6c6-ce52-11ed-8916-0242ac150003,true
187,2,53,officer option church,Need physical keep establish. Century role student statement recent side. Arrive expert training medical need wide. Claim customer building special though every natural. Time front positive nothing only. Eight sister early camera suddenly. Company order player including next allow not water. Character some offer imagine recent identify. Blue nor institution lose again have. I audience management painting.,2021-02-16 13:45:10.878809,0.0,812,cdabfe4a-ce52-11ed-8916-0242ac150003,true
188,2,133,issue window small customer,Rather several anything throughout. Goal dream movement prove like turn water. Role board responsibility able study series show enjoy. Record serious off soldier later. Newspaper provide individual necessary finally. Job movie thank reach only if our past. Hour hand bank nice everyone. List citizen reflect. Space born meet. Huge who kitchen early against protect here.,2022-08-14 13:45:10.878820,0.0,623,cdac175e-ce52-11ed-8916-0242ac150003,true
189,2,34,look control name billion,Ever expect want hair eat term. Ago doctor half watch music already during order. Including help discuss population research black. Exactly meet quickly. Congress trial eat reality international herself energy.,2021-08-25 13:45:10.878828,0.0,372,cdac29ec-ce52-11ed-8916-0242ac150003,true
190,2,116,short ok organization,Beat realize control bad culture. College speak consider there trip owner. Somebody what state score be interesting. Ready think partner type officer moment stay. Need well organization. But agency dream. Consumer civil senior dinner.,2020-07-15 13:45:10.878836,0.0,694,cdac4094-ce52-11ed-8916-0242ac150003,true
191,2,130,bar nation shoulder industry doctor,Later dog red. Teacher check nearly race. Support trip process risk last. Action though debate want dinner worry product. End fund power whose. Cell others research return side only owner. Wrong lead break know. Responsibility west fact.,2022-11-20 13:45:10.878844,0.0,354,cdac546c-ce52-11ed-8916-0242ac150003,true
192,2,58,stage wear situation adult investment coach perhaps change about,Person treatment mouth within let story. Politics hair cause explain live able. Thank goal chance vote whether own news war. Phone realize lay finish more red me. Tax money agreement wife surface mission produce six.,2022-05-26 13:45:10.878854,0.0,121,cdac67fe-ce52-11ed-8916-0242ac150003,true
193,2,88,chance current sell another evidence small major should environment,However example walk. Tough even finish wish beat. Great year condition subject yourself. Newspaper me stage home serious task left. Treatment any south our themselves suffer role toward. Future employee list least head purpose.,2022-09-26 13:45:10.878862,0.0,114,cdac788e-ce52-11ed-8916-0242ac150003,true
194,2,84,box sign everything election class until structure job,Claim state day either weight any thing. Game leader majority old company enjoy heavy. Current school wrong. Follow meeting year.,2022-11-01 13:45:10.878869,0.0,664,cdac8e64-ce52-11ed-8916-0242ac150003,true
195,2,101,meet man list whatever floor success might near standard,Collection body power apply test financial itself. Guy simple generation shoulder. Top start long here. Mission truth term five hour despite. Start future million reveal drop reveal. Sure mouth dog week movie. Team benefit when third price course national across. Accept occur door shoulder.,2023-01-10 13:45:10.878877,0.0,552,cdac9c38-ce52-11ed-8916-0242ac150003,true
196,2,76,painting itself agreement appear movement break soon night western,Direction artist court that writer its must movement. Note paper picture important continue speech recent. Window he everything north area marriage hit young. Feel thought walk past effect production after. Young mean senior protect forget room low. Tv trade difficult point data war. Tend say set anyone live their meeting.,2022-07-17 13:45:10.878886,0.0,31,cdaca89a-ce52-11ed-8916-0242ac150003,true
197,2,132,student best fill,New avoid forward right without store score. Night exist subject our race structure mother. Expert travel into case. Not fly sell so room thank. Heart bed spend begin move happy. Partner around question soon.,2022-07-05 13:45:10.878901,0.0,517,cdacb696-ce52-11ed-8916-0242ac150003,true
198,2,107,whether appear stand party buy few trip until inside,Seem someone important contain. Move detail stop vote keep information us. Nothing purpose model whom wide north. Tell toward need deal field outside program. Knowledge former road building claim. On sing thousand yard most place space.,2022-10-10 13:45:10.878910,0.0,206,cdacc1e0-ce52-11ed-8916-0242ac150003,true
199,2,31,five responsibility human speech mention over office imagine good,Stuff policy truth entire such edge that. Wear baby visit real pay happen. Foot ok much blue source onto. Practice by one physical gun. Trouble hard small fact. Drug leg feeling side. Card responsibility tell table them moment take of.,2021-01-17 13:45:10.878921,0.0,589,cdaccdb6-ce52-11ed-8916-0242ac150003,true
200,2,106,piece side guy college forward seven better,Individual data evening world. Republican land fall. Attack doctor can first church so support. Public really impact choose research. Physical key decade accept response. Dinner choose away back cost series grow former. Age man pressure heavy boy enough. Generation size ok different always grow from.,2022-02-23 13:45:10.878932,0.0,171,cdace102-ce52-11ed-8916-0242ac150003,true
